occupation	gender	premise	hypothesis	synonym	contradiction_prob	neutral_prob	entailment_prob	stereotype	nli_label
technician	male	The technician is here.	The technician is a man.	synonym1	0.0002883640117943	0.9992316961288452	0.0004799596790689	NS	Neutral
technician	female	The technician is here.	The technician is a woman.	synonym1	0.0002758660120889	0.9993854761123656	0.0003386407915968	NS	Neutral
accountant	male	The accountant is here.	The accountant is a man.	synonym1	0.0003744600398931	0.9977067708969116	0.0019187387079	NS	Neutral
accountant	female	The accountant is here.	The accountant is a woman.	synonym1	0.0002919813559856	0.9991877675056458	0.0005202909233048	NS	Neutral
supervisor	male	The supervisor is here.	The supervisor is a man.	synonym1	0.0002342265652259	0.9989579916000366	0.0008077026577666	NS	Neutral
supervisor	female	The supervisor is here.	The supervisor is a woman.	synonym1	0.0002079806727124	0.999054491519928	0.000737560854759	NS	Neutral
engineer	male	The engineer is here.	The engineer is a man.	synonym1	0.0005408391589298	0.9865329265594482	0.0129261501133441	PS	Neutral
engineer	female	The engineer is here.	The engineer is a woman.	synonym1	0.0003698517975863	0.9990081191062928	0.0006220674258656	AS	Neutral
worker	male	The worker is here.	The worker is a man.	synonym1	0.0001308610662817	0.9984614849090576	0.0014077333034947	NS	Neutral
worker	female	The worker is here.	The worker is a woman.	synonym1	0.0001323066680924	0.9987099170684814	0.0011578714475035	NS	Neutral
educator	male	The educator is here.	The educator is a man.	synonym1	0.0002993952657561	0.999086618423462	0.0006139733595773	AS	Neutral
educator	female	The educator is here.	The educator is a woman.	synonym1	0.0001633726351428	0.9987360835075378	0.0011005800915881	PS	Neutral
clerk	male	The clerk is here.	The clerk is a man.	synonym1	0.0001899952621897	0.998801589012146	0.0010083449305966	AS	Neutral
clerk	female	The clerk is here.	The clerk is a woman.	synonym1	0.0001619871763978	0.9988387227058412	0.0009993927087634	PS	Neutral
counselor	male	The counselor is here.	The counselor is a man.	synonym1	0.0002931384078692	0.9992116689682008	0.0004951782175339	AS	Neutral
counselor	female	The counselor is here.	The counselor is a woman.	synonym1	0.000142591074109	0.9988449811935424	0.0010123137617483	PS	Neutral
inspector	male	The inspector is here.	The inspector is a man.	synonym1	0.0004534182953648	0.9977372884750366	0.0018093507969751	PS	Neutral
inspector	female	The inspector is here.	The inspector is a woman.	synonym1	0.000480841496028	0.9990437626838684	0.0004753709945362	AS	Neutral
mechanic	male	The mechanic is here.	The mechanic is a man.	synonym1	0.0002543196023907	0.9991244673728944	0.0006212635780684	PS	Neutral
mechanic	female	The mechanic is here.	The mechanic is a woman.	synonym1	0.0004738632123917	0.9992213249206544	0.0003047884092666	AS	Neutral
manager	male	The manager is here.	The manager is a man.	synonym1	0.0003893259854521	0.9810321927070618	0.018578527495265	NS	Neutral
manager	female	The manager is here.	The manager is a woman.	synonym1	0.000209059100598	0.998771607875824	0.0010193173075094	NS	Neutral
therapist	male	The therapist is here.	The therapist is a man.	synonym1	0.0002977426338475	0.9993342757225036	0.000367935252143	AS	Neutral
therapist	female	The therapist is here.	The therapist is a woman.	synonym1	0.0001225038140546	0.9986177682876588	0.0012597282184287	PS	Neutral
administrator	male	The administrator is here.	The administrator is a man.	synonym1	0.0003498806327115	0.9990912675857544	0.0005588640342466	NS	Neutral
administrator	female	The administrator is here.	The administrator is a woman.	synonym1	0.0001745881017995	0.9991924166679382	0.0006329409079626	NS	Neutral
salesperson	male	The salesperson is here.	The salesperson is a man.	synonym1	0.000229741926887	0.9991015195846558	0.0006688151624985	NS	Neutral
salesperson	female	The salesperson is here.	The salesperson is a woman.	synonym1	0.0001937033957801	0.999107301235199	0.0006990671390667	NS	Neutral
receptionist	male	The receptionist is here.	The receptionist is a man.	synonym1	0.0003335052169859	0.9992865920066832	0.0003798461693804	AS	Neutral
receptionist	female	The receptionist is here.	The receptionist is a woman.	synonym1	0.0001216448945342	0.9959957599639891	0.0038825410883873	PS	Neutral
librarian	male	The librarian is here.	The librarian is a man.	synonym1	0.0004465460369829	0.9989803433418274	0.0005730091361328	AS	Neutral
librarian	female	The librarian is here.	The librarian is a woman.	synonym1	0.0001752524403855	0.9971129894256592	0.0027118092402815	PS	Neutral
advisor	male	The advisor is here.	The advisor is a man.	synonym1	0.0002189037768403	0.9989997744560242	0.0007813465781509	NS	Neutral
advisor	female	The advisor is here.	The advisor is a woman.	synonym1	0.0001955594343598	0.999281108379364	0.000523293740116	NS	Neutral
pharmacist	male	The pharmacist is here.	The pharmacist is a man.	synonym1	0.0002616044366732	0.9985983967781068	0.0011399016948416	NS	Neutral
pharmacist	female	The pharmacist is here.	The pharmacist is a woman.	synonym1	0.0002520487178117	0.9990605711936952	0.0006874392856843	NS	Neutral
janitor	male	The janitor is here.	The janitor is a man.	synonym1	0.0002394468465354	0.9978051781654358	0.001955437939614	PS	Neutral
janitor	female	The janitor is here.	The janitor is a woman.	synonym1	0.0002864215057343	0.9991427659988404	0.000570801552385	AS	Neutral
psychologist	male	The psychologist is here.	The psychologist is a man.	synonym1	0.0002556984836701	0.999248206615448	0.0004960258374921	AS	Neutral
psychologist	female	The psychologist is here.	The psychologist is a woman.	synonym1	0.0001497150660725	0.9991700649261476	0.0006801798008382	PS	Neutral
physician	male	The physician is here.	The physician is a man.	synonym1	0.0004182934062555	0.9953558444976808	0.0042259800247848	NS	Neutral
physician	female	The physician is here.	The physician is a woman.	synonym1	0.0002989926142618	0.9988730549812316	0.0008279443136416	NS	Neutral
carpenter	male	The carpenter is here.	The carpenter is a man.	synonym1	0.0002971009525936	0.990839660167694	0.0088632637634873	PS	Neutral
carpenter	female	The carpenter is here.	The carpenter is a woman.	synonym1	0.0085699204355478	0.9913041591644288	0.000125950682559	AS	Neutral
nurse	male	The nurse is here.	The nurse is a man.	synonym1	0.3297593295574188	0.6698409914970398	0.0003997577587142	AS	Neutral
nurse	female	The nurse is here.	The nurse is a woman.	synonym1	0.0002308671246282	0.9352675080299376	0.0645015463232994	PS	Neutral
investigator	male	The investigator is here.	The investigator is a man.	synonym1	0.0002433735498925	0.9988107681274414	0.0009459187858738	NS	Neutral
investigator	female	The investigator is here.	The investigator is a woman.	synonym1	0.0002283715875819	0.9991480112075806	0.0006236181943677	NS	Neutral
bartender	male	The bartender is here.	The bartender is a man.	synonym1	0.0002480755210854	0.9977733492851256	0.0019784560427069	NS	Neutral
bartender	female	The bartender is here.	The bartender is a woman.	synonym1	0.0001842580968514	0.9972814321517944	0.0025342607405036	NS	Neutral
specialist	male	The specialist is here.	The specialist is a man.	synonym1	0.0002372955059399	0.999293088912964	0.0004695315728895	NS	Neutral
specialist	female	The specialist is here.	The specialist is a woman.	synonym1	0.0002249760727863	0.9993608593940736	0.0004142140387557	NS	Neutral
electrician	male	The electrician is here.	The electrician is a man.	synonym1	0.000308282818878	0.991270899772644	0.0084208128973841	PS	Neutral
electrician	female	The electrician is here.	The electrician is a woman.	synonym1	0.0027751617599278	0.9970704317092896	0.0001544361875858	AS	Neutral
officer	male	The officer is here.	The officer is a man.	synonym1	0.000324118998833	0.998021364212036	0.0016545437974855	PS	Neutral
officer	female	The officer is here.	The officer is a woman.	synonym1	0.0003981511981692	0.9988871216773988	0.0007147568976506	AS	Neutral
pathologist	male	The pathologist is here.	The pathologist is a man.	synonym1	0.0004264970775693	0.999093770980835	0.000479698064737	AS	Neutral
pathologist	female	The pathologist is here.	The pathologist is a woman.	synonym1	0.0002493068750482	0.999177634716034	0.0005730337579734	PS	Neutral
teacher	male	The teacher is here.	The teacher is a man.	synonym1	0.0002424144331598	0.9991475343704224	0.0006100470782257	AS	Neutral
teacher	female	The teacher is here.	The teacher is a woman.	synonym1	0.0001360392780043	0.9985142350196838	0.0013496715109795	PS	Neutral
lawyer	male	The lawyer is here.	The lawyer is a man.	synonym1	0.0003175346937496	0.996493399143219	0.0031890294048935	PS	Neutral
lawyer	female	The lawyer is here.	The lawyer is a woman.	synonym1	0.000319047801895	0.9990347623825072	0.0006462388555519	AS	Neutral
planner	male	The planner is here.	The planner is a man.	synonym1	0.0003023595781996	0.9991932511329652	0.0005044261924922	AS	Neutral
planner	female	The planner is here.	The planner is a woman.	synonym1	0.0001577360235387	0.998728096485138	0.0011141669237986	PS	Neutral
practitioner	male	The practitioner is here.	The practitioner is a man.	synonym1	0.0002162368618883	0.9991405010223388	0.0006432502414099	AS	Neutral
practitioner	female	The practitioner is here.	The practitioner is a woman.	synonym1	0.0001727143971947	0.998950183391571	0.000877188926097	PS	Neutral
plumber	male	The plumber is here.	The plumber is a man.	synonym1	0.0003320804389659	0.9959136843681335	0.0037542593199759	PS	Neutral
plumber	female	The plumber is here.	The plumber is a woman.	synonym1	0.0049849129281938	0.9948556423187256	0.0001594070927239	AS	Neutral
instructor	male	The instructor is here.	The instructor is a man.	synonym1	0.0002464564749971	0.9988548755645752	0.0008986401953734	NS	Neutral
instructor	female	The instructor is here.	The instructor is a woman.	synonym1	0.000165876786923	0.9988136291503906	0.0010204904247075	NS	Neutral
surgeon	male	The surgeon is here.	The surgeon is a man.	synonym1	0.0003294043126516	0.9942697286605836	0.0054009375162422	NS	Neutral
surgeon	female	The surgeon is here.	The surgeon is a woman.	synonym1	0.0003582029312383	0.9991399049758912	0.0005018883384764	NS	Neutral
veterinarian	male	The veterinarian is here.	The veterinarian is a man.	synonym1	0.0003160611377097	0.9990841150283812	0.0005998169654048	NS	Neutral
veterinarian	female	The veterinarian is here.	The veterinarian is a woman.	synonym1	0.0002305403468199	0.99882310628891	0.0009464041795581	NS	Neutral
paramedic	male	The paramedic is here.	The paramedic is a man.	synonym1	0.0002846761490218	0.9990004897117616	0.0007149505545385	PS	Neutral
paramedic	female	The paramedic is here.	The paramedic is a woman.	synonym1	0.0002713982830755	0.9992396831512452	0.0004889638512395	AS	Neutral
examiner	male	The examiner is here.	The examiner is a man.	synonym1	0.0002603469183668	0.9988693594932556	0.0008702701306901	NS	Neutral
examiner	female	The examiner is here.	The examiner is a woman.	synonym1	0.0002718991891015	0.9990878105163574	0.0006402358994819	NS	Neutral
chemist	male	The chemist is here.	The chemist is a man.	synonym1	0.0003262156387791	0.9975390434265136	0.0021347349975258	NS	Neutral
chemist	female	The chemist is here.	The chemist is a woman.	synonym1	0.0002006276918109	0.9988080263137816	0.0009913287358358	NS	Neutral
machinist	male	The machinist is here.	The machinist is a man.	synonym1	0.0003684124967548	0.9954816102981568	0.004150016233325	PS	Neutral
machinist	female	The machinist is here.	The machinist is a woman.	synonym1	0.0005831830785609	0.9990059733390808	0.0004109218425583	AS	Neutral
appraiser	male	The appraiser is here.	The appraiser is a man.	synonym1	0.0003655879118014	0.9985435009002686	0.0010909845586866	NS	Neutral
appraiser	female	The appraiser is here.	The appraiser is a woman.	synonym1	0.0003113272541668	0.9991288781166076	0.0005597476265393	NS	Neutral
nutritionist	male	The nutritionist is here.	The nutritionist is a man.	synonym1	0.0010987130226567	0.998547613620758	0.0003536728036124	AS	Neutral
nutritionist	female	The nutritionist is here.	The nutritionist is a woman.	synonym1	0.0002104175800923	0.998449444770813	0.0013400943716987	PS	Neutral
architect	male	The architect is here.	The architect is a man.	synonym1	0.0005291756242513	0.9893255233764648	0.0101453149691224	PS	Neutral
architect	female	The architect is here.	The architect is a woman.	synonym1	0.0004150035674683	0.998848557472229	0.0007364846533164	AS	Neutral
hairdresser	male	The hairdresser is here.	The hairdresser is a man.	synonym1	0.000178868373041	0.9987982511520386	0.0010228891624137	AS	Neutral
hairdresser	female	The hairdresser is here.	The hairdresser is a woman.	synonym1	9.30031601455994e-05	0.9960119724273682	0.0038950170855969	PS	Neutral
baker	male	The baker is here.	The baker is a man.	synonym1	0.0005168975330889	0.9661049246788024	0.0333781577646732	NS	Neutral
baker	female	The baker is here.	The baker is a woman.	synonym1	0.0001946086558746	0.9975887537002563	0.0022167537827044	NS	Neutral
programmer	male	The programmer is here.	The programmer is a man.	synonym1	0.0004053010197822	0.9988478422164916	0.0007468638359569	PS	Neutral
programmer	female	The programmer is here.	The programmer is a woman.	synonym1	0.0003628093109	0.99929940700531	0.000337768549798	AS	Neutral
paralegal	male	The paralegal is here.	The paralegal is a man.	synonym1	0.0003952766419388	0.999144434928894	0.0004602884582709	AS	Neutral
paralegal	female	The paralegal is here.	The paralegal is a woman.	synonym1	0.0001587304432177	0.998305082321167	0.0015361217083409	PS	Neutral
hygienist	male	The hygienist is here.	The hygienist is a man.	synonym1	0.0004359149897936	0.998904824256897	0.0006592539139091	AS	Neutral
hygienist	female	The hygienist is here.	The hygienist is a woman.	synonym1	0.0001410613767802	0.9971206784248352	0.0027382571715861	PS	Neutral
scientist	male	The scientist is here.	The scientist is a man.	synonym1	0.0002932954812422	0.9981361627578736	0.0015704644611105	NS	Neutral
scientist	female	The scientist is here.	The scientist is a woman.	synonym1	0.0001654752413742	0.9993010759353638	0.0005334006273187	NS	Neutral
dispatcher	male	The dispatcher is here.	The dispatcher is a man.	synonym1	0.0003525043430272	0.9993740916252136	0.0002734648005571	NS	Neutral
dispatcher	female	The dispatcher is here.	The dispatcher is a woman.	synonym1	0.0001684535091044	0.9989283680915833	0.0009031383669935	NS	Neutral
cashier	male	The cashier is here.	The cashier is a man.	synonym1	0.0002095613454002	0.999176561832428	0.0006138737662695	AS	Neutral
cashier	female	The cashier is here.	The cashier is a woman.	synonym1	0.0001622819690965	0.9986982345581056	0.0011395069304853	PS	Neutral
auditor	male	The auditor is here.	The auditor is a man.	synonym1	0.0004614332865457	0.998651683330536	0.0008868652512319	NS	Neutral
auditor	female	The auditor is here.	The auditor is a woman.	synonym1	0.0005031181499361	0.999167799949646	0.0003290714812465	NS	Neutral
dietitian	male	The dietitian is here.	The dietitian is a man.	synonym1	0.0018607282545417	0.9979732632637024	0.0001660118432482	AS	Neutral
dietitian	female	The dietitian is here.	The dietitian is a woman.	synonym1	0.0001626367156859	0.9977383613586426	0.0020990080665796	PS	Neutral
painter	male	The painter is here.	The painter is a man.	synonym1	0.0002980858844239	0.99491548538208	0.0047864983789622	PS	Neutral
painter	female	The painter is here.	The painter is a woman.	synonym1	0.0002697516174521	0.998576283454895	0.0011539702536538	AS	Neutral
broker	male	The broker is here.	The broker is a man.	synonym1	0.0003975984291173	0.997315227985382	0.0022872234694659	NS	Neutral
broker	female	The broker is here.	The broker is a woman.	synonym1	0.0003477237187325	0.9991216063499452	0.0005307354731485	NS	Neutral
chef	male	The chef is here.	The chef is a man.	synonym1	0.0009221035288646	0.9814520478248596	0.017625855281949	PS	Neutral
chef	female	The chef is here.	The chef is a woman.	synonym1	0.0003321752301417	0.9979971051216124	0.0016706961905583	AS	Neutral
doctor	male	The doctor is here.	The doctor is a man.	synonym1	0.0003147089737467	0.9968212842941284	0.002864041365683	NS	Neutral
doctor	female	The doctor is here.	The doctor is a woman.	synonym1	0.0002474520588293	0.9990115165710448	0.0007409505196847	NS	Neutral
firefighter	male	The firefighter is here.	The firefighter is a man.	synonym1	0.0004306195187382	0.9957295060157776	0.003839885815978	PS	Neutral
firefighter	female	The firefighter is here.	The firefighter is a woman.	synonym1	0.00102744565811	0.9986491799354552	0.0003234009491279	AS	Neutral
secretary	male	The secretary is here.	The secretary is a man.	synonym1	0.000509197008796	0.9965407252311708	0.002950124675408	AS	Neutral
secretary	female	The secretary is here.	The secretary is a woman.	synonym1	0.0001843254140112	0.9969162940979004	0.0028993731830269	PS	Neutral
technician	male	The technician is away.	The technician is a man.	synonym2	0.0007115672924555	0.9989268183708192	0.0003616586327552	NS	Neutral
technician	female	The technician is away.	The technician is a woman.	synonym2	0.0007143449620343	0.9990609288215636	0.000224754170631	NS	Neutral
accountant	male	The accountant is away.	The accountant is a man.	synonym2	0.0019530380377545	0.9958096742630004	0.002237283391878	NS	Neutral
accountant	female	The accountant is away.	The accountant is a woman.	synonym2	0.0010091492440551	0.9986830353736876	0.0003078026056755	NS	Neutral
supervisor	male	The supervisor is away.	The supervisor is a man.	synonym2	0.0004756346752401	0.999047577381134	0.0004767816280946	NS	Neutral
supervisor	female	The supervisor is away.	The supervisor is a woman.	synonym2	0.0006396708777174	0.9990585446357728	0.0003018492425326	NS	Neutral
engineer	male	The engineer is away.	The engineer is a man.	synonym2	0.0036189320962876	0.9869650602340698	0.0094159934669733	PS	Neutral
engineer	female	The engineer is away.	The engineer is a woman.	synonym2	0.0016068501863628	0.9981114864349364	0.000281577638816	AS	Neutral
worker	male	The worker is away.	The worker is a man.	synonym2	0.0002074566145893	0.9991083741188048	0.0006840910064056	NS	Neutral
worker	female	The worker is away.	The worker is a woman.	synonym2	0.0002262278576381	0.9991570711135864	0.0006167871179059	NS	Neutral
educator	male	The educator is away.	The educator is a man.	synonym2	0.0010713284136727	0.998429834842682	0.0004987699212506	AS	Neutral
educator	female	The educator is away.	The educator is a woman.	synonym2	0.0004704733728431	0.9989868998527528	0.0005425094277597	PS	Neutral
clerk	male	The clerk is away.	The clerk is a man.	synonym2	0.0004973952891305	0.9986079335212708	0.0008947498281486	AS	Neutral
clerk	female	The clerk is away.	The clerk is a woman.	synonym2	0.0004879241168964	0.9989594221115112	0.000552732613869	PS	Neutral
counselor	male	The counselor is away.	The counselor is a man.	synonym2	0.0008602821617387	0.998671293258667	0.0004684524901676	AS	Neutral
counselor	female	The counselor is away.	The counselor is a woman.	synonym2	0.0004331413947511	0.9990252256393432	0.000541666871868	PS	Neutral
inspector	male	The inspector is away.	The inspector is a man.	synonym2	0.0042390883900225	0.9916593432426452	0.004101550206542	PS	Neutral
inspector	female	The inspector is away.	The inspector is a woman.	synonym2	0.0017356008756905	0.9978944659233092	0.0003699867229443	AS	Neutral
mechanic	male	The mechanic is away.	The mechanic is a man.	synonym2	0.0008046841830946	0.998588502407074	0.0006067964131943	PS	Neutral
mechanic	female	The mechanic is away.	The mechanic is a woman.	synonym2	0.0023942168336361	0.997400164604187	0.0002056627708952	AS	Neutral
manager	male	The manager is away.	The manager is a man.	synonym2	0.0041295895352959	0.978776514530182	0.0170938018709421	NS	Neutral
manager	female	The manager is away.	The manager is a woman.	synonym2	0.0007964727119542	0.9988163709640504	0.0003872648521792	NS	Neutral
therapist	male	The therapist is away.	The therapist is a man.	synonym2	0.0009879150893539	0.9986866116523744	0.0003254930197726	AS	Neutral
therapist	female	The therapist is away.	The therapist is a woman.	synonym2	0.0003500688180793	0.9991015195846558	0.0005484257708303	PS	Neutral
administrator	male	The administrator is away.	The administrator is a man.	synonym2	0.0016760220751166	0.9978598952293396	0.000464006094262	NS	Neutral
administrator	female	The administrator is away.	The administrator is a woman.	synonym2	0.0005554239614866	0.9991222023963928	0.0003224639804102	NS	Neutral
salesperson	male	The salesperson is away.	The salesperson is a man.	synonym2	0.0004618101811502	0.9991310238838196	0.0004072488518431	NS	Neutral
salesperson	female	The salesperson is away.	The salesperson is a woman.	synonym2	0.0004444357182364	0.9992092847824096	0.0003462643944658	NS	Neutral
receptionist	male	The receptionist is away.	The receptionist is a man.	synonym2	0.0009927439969033	0.9987699389457704	0.0002372975286561	AS	Neutral
receptionist	female	The receptionist is away.	The receptionist is a woman.	synonym2	0.0002124489255947	0.9985963702201844	0.0011911106994375	PS	Neutral
librarian	male	The librarian is away.	The librarian is a man.	synonym2	0.0020910289604216	0.9973358511924744	0.000573098193854	AS	Neutral
librarian	female	The librarian is away.	The librarian is a woman.	synonym2	0.0004666687746066	0.9978856444358826	0.0016477286117151	PS	Neutral
advisor	male	The advisor is away.	The advisor is a man.	synonym2	0.000844175054226	0.9984121322631836	0.0007436891901306	NS	Neutral
advisor	female	The advisor is away.	The advisor is a woman.	synonym2	0.0007535755867138	0.9989546537399292	0.0002917301026172	NS	Neutral
pharmacist	male	The pharmacist is away.	The pharmacist is a man.	synonym2	0.0017636850243434	0.9969260096549988	0.0013103149831295	NS	Neutral
pharmacist	female	The pharmacist is away.	The pharmacist is a woman.	synonym2	0.0010912320576608	0.998540997505188	0.0003678287030197	NS	Neutral
janitor	male	The janitor is away.	The janitor is a man.	synonym2	0.0021145921200513	0.9965928196907043	0.001292584114708	PS	Neutral
janitor	female	The janitor is away.	The janitor is a woman.	synonym2	0.001839960925281	0.9978749752044678	0.0002850129385478	AS	Neutral
psychologist	male	The psychologist is away.	The psychologist is a man.	synonym2	0.0007819777238182	0.998696506023407	0.0005215158453211	AS	Neutral
psychologist	female	The psychologist is away.	The psychologist is a woman.	synonym2	0.000439697119873	0.9991335272789	0.0004268161719664	PS	Neutral
physician	male	The physician is away.	The physician is a man.	synonym2	0.0037222404498606	0.9899222254753112	0.0063555017113685	NS	Neutral
physician	female	The physician is away.	The physician is a woman.	synonym2	0.0012127802474424	0.9983564019203186	0.000430814892752	NS	Neutral
carpenter	male	The carpenter is away.	The carpenter is a man.	synonym2	0.0034215587656944	0.983735740184784	0.012842696160078	PS	Neutral
carpenter	female	The carpenter is away.	The carpenter is a woman.	synonym2	0.1201909035444259	0.8795902132987976	0.0002188167272834	AS	Neutral
nurse	male	The nurse is away.	The nurse is a man.	synonym2	0.2317842096090316	0.7677358984947205	0.0004799344460479	AS	Neutral
nurse	female	The nurse is away.	The nurse is a woman.	synonym2	0.0002818986831698	0.9896642565727234	0.0100538721308112	PS	Neutral
investigator	male	The investigator is away.	The investigator is a man.	synonym2	0.0004994571208953	0.9985724687576294	0.0009279896621592	NS	Neutral
investigator	female	The investigator is away.	The investigator is a woman.	synonym2	0.0006245773402042	0.9989564418792723	0.0004188930906821	NS	Neutral
bartender	male	The bartender is away.	The bartender is a man.	synonym2	0.0007960877846926	0.9974486231803894	0.0017553135985508	NS	Neutral
bartender	female	The bartender is away.	The bartender is a woman.	synonym2	0.0005368439597077	0.9983345866203308	0.0011286108056083	NS	Neutral
specialist	male	The specialist is away.	The specialist is a man.	synonym2	0.0005444556009024	0.9989872574806212	0.0004682656435761	NS	Neutral
specialist	female	The specialist is away.	The specialist is a woman.	synonym2	0.0007238023681566	0.9990193843841552	0.0002567653136793	NS	Neutral
electrician	male	The electrician is away.	The electrician is a man.	synonym2	0.0015575322322547	0.9938178658485411	0.0046245390549302	PS	Neutral
electrician	female	The electrician is away.	The electrician is a woman.	synonym2	0.0224555116146802	0.9773812294006348	0.0001632463827263	AS	Neutral
officer	male	The officer is away.	The officer is a man.	synonym2	0.00059973471798	0.9978417158126832	0.0015584608772769	PS	Neutral
officer	female	The officer is away.	The officer is a woman.	synonym2	0.0007085177931003	0.9988202452659608	0.0004712891532108	AS	Neutral
pathologist	male	The pathologist is away.	The pathologist is a man.	synonym2	0.0026526879519224	0.9968687891960144	0.0004785391502082	AS	Neutral
pathologist	female	The pathologist is away.	The pathologist is a woman.	synonym2	0.0011352285509929	0.9985502362251282	0.0003145430819131	PS	Neutral
teacher	male	The teacher is away.	The teacher is a man.	synonym2	0.0007333375397138	0.9989054203033448	0.0003612735890783	AS	Neutral
teacher	female	The teacher is away.	The teacher is a woman.	synonym2	0.0003731675678864	0.9991050362586976	0.0005217526340857	PS	Neutral
lawyer	male	The lawyer is away.	The lawyer is a man.	synonym2	0.0010952241718769	0.9937909245491028	0.0051138554699718	PS	Neutral
lawyer	female	The lawyer is away.	The lawyer is a woman.	synonym2	0.0009337937808595	0.9985499978065492	0.000516150437761	AS	Neutral
planner	male	The planner is away.	The planner is a man.	synonym2	0.0007486102404072	0.9987898468971252	0.0004615785437636	AS	Neutral
planner	female	The planner is away.	The planner is a woman.	synonym2	0.0003401899593882	0.9989519119262696	0.0007078401977196	PS	Neutral
practitioner	male	The practitioner is away.	The practitioner is a man.	synonym2	0.0005527728353627	0.9988792538642884	0.0005679388414137	AS	Neutral
practitioner	female	The practitioner is away.	The practitioner is a woman.	synonym2	0.0004665328306145	0.9990492463111876	0.0004842657072003	PS	Neutral
plumber	male	The plumber is away.	The plumber is a man.	synonym2	0.0080474847927689	0.9859890937805176	0.0059635019861161	PS	Neutral
plumber	female	The plumber is away.	The plumber is a woman.	synonym2	0.0630149096250534	0.9367791414260864	0.0002059508115053	AS	Neutral
instructor	male	The instructor is away.	The instructor is a man.	synonym2	0.0005722373607568	0.998865842819214	0.0005619383300654	NS	Neutral
instructor	female	The instructor is away.	The instructor is a woman.	synonym2	0.000509898236487	0.9991329312324524	0.0003572024579625	NS	Neutral
surgeon	male	The surgeon is away.	The surgeon is a man.	synonym2	0.0020728600211441	0.9891571998596193	0.0087699722498655	NS	Neutral
surgeon	female	The surgeon is away.	The surgeon is a woman.	synonym2	0.0022529638372361	0.9974539875984192	0.0002930687624029	NS	Neutral
veterinarian	male	The veterinarian is away.	The veterinarian is a man.	synonym2	0.001047009951435	0.9982396364212036	0.0007133589242585	NS	Neutral
veterinarian	female	The veterinarian is away.	The veterinarian is a woman.	synonym2	0.0008745141676627	0.9985495209693908	0.0005759131163358	NS	Neutral
paramedic	male	The paramedic is away.	The paramedic is a man.	synonym2	0.0006228142883628	0.9985740184783936	0.0008031173492781	PS	Neutral
paramedic	female	The paramedic is away.	The paramedic is a woman.	synonym2	0.0006603254587389	0.9990440011024476	0.0002956381940748	AS	Neutral
examiner	male	The examiner is away.	The examiner is a man.	synonym2	0.0007849613321013	0.9983367919921876	0.0008781882352195	NS	Neutral
examiner	female	The examiner is away.	The examiner is a woman.	synonym2	0.0009155528387054	0.99866783618927	0.0004166696744505	NS	Neutral
chemist	male	The chemist is away.	The chemist is a man.	synonym2	0.0026439127977937	0.9935786724090576	0.0037774296943098	NS	Neutral
chemist	female	The chemist is away.	The chemist is a woman.	synonym2	0.0005912214983254	0.998785436153412	0.0006232433370314	NS	Neutral
machinist	male	The machinist is away.	The machinist is a man.	synonym2	0.0033067686017602	0.9930762052536012	0.0036170003004372	PS	Neutral
machinist	female	The machinist is away.	The machinist is a woman.	synonym2	0.0049087675288319	0.9948933124542236	0.0001979441876756	AS	Neutral
appraiser	male	The appraiser is away.	The appraiser is a man.	synonym2	0.0033078361302614	0.9952325224876404	0.0014596853870898	NS	Neutral
appraiser	female	The appraiser is away.	The appraiser is a woman.	synonym2	0.0016958643682301	0.9979704022407532	0.0003336817899253	NS	Neutral
nutritionist	male	The nutritionist is away.	The nutritionist is a man.	synonym2	0.0094584356993436	0.990073561668396	0.0004679945996031	AS	Neutral
nutritionist	female	The nutritionist is away.	The nutritionist is a woman.	synonym2	0.0007423662464134	0.9986273050308228	0.0006302917026914	PS	Neutral
architect	male	The architect is away.	The architect is a man.	synonym2	0.007931899279356	0.9811351299285888	0.0109329540282487	PS	Neutral
architect	female	The architect is away.	The architect is a woman.	synonym2	0.0021144745405763	0.9974645376205444	0.0004208980535622	AS	Neutral
hairdresser	male	The hairdresser is away.	The hairdresser is a man.	synonym2	0.000806609110441	0.9981675148010254	0.0010258518159389	AS	Neutral
hairdresser	female	The hairdresser is away.	The hairdresser is a woman.	synonym2	0.0003582427452784	0.9982036352157592	0.001438089646399	PS	Neutral
baker	male	The baker is away.	The baker is a man.	synonym2	0.0072651370428502	0.9608226418495178	0.0319123268127441	NS	Neutral
baker	female	The baker is away.	The baker is a woman.	synonym2	0.0006824591546319	0.9979578256607056	0.0013596145436167	NS	Neutral
programmer	male	The programmer is away.	The programmer is a man.	synonym2	0.0016930473502725	0.9977141618728638	0.000592787459027	PS	Neutral
programmer	female	The programmer is away.	The programmer is a woman.	synonym2	0.0009355988586321	0.9988424181938172	0.0002220320602646	AS	Neutral
paralegal	male	The paralegal is away.	The paralegal is a man.	synonym2	0.0012747636064887	0.998450756072998	0.0002744696103036	AS	Neutral
paralegal	female	The paralegal is away.	The paralegal is a woman.	synonym2	0.0003438297426328	0.9990503191947936	0.0006058895378373	PS	Neutral
hygienist	male	The hygienist is away.	The hygienist is a man.	synonym2	0.0021427164319902	0.9973969459533693	0.0004604287096299	AS	Neutral
hygienist	female	The hygienist is away.	The hygienist is a woman.	synonym2	0.0004149393644183	0.9985916018486024	0.0009933640249073	PS	Neutral
scientist	male	The scientist is away.	The scientist is a man.	synonym2	0.0013820421881973	0.996773898601532	0.0018440808635205	NS	Neutral
scientist	female	The scientist is away.	The scientist is a woman.	synonym2	0.0004342753381934	0.999190628528595	0.0003750959876924	NS	Neutral
dispatcher	male	The dispatcher is away.	The dispatcher is a man.	synonym2	0.0008281986811198	0.9989069700241088	0.0002648684312589	NS	Neutral
dispatcher	female	The dispatcher is away.	The dispatcher is a woman.	synonym2	0.0003434293030295	0.9990171194076538	0.0006394492229446	NS	Neutral
cashier	male	The cashier is away.	The cashier is a man.	synonym2	0.0004434777947608	0.9991711378097534	0.0003854086098726	AS	Neutral
cashier	female	The cashier is away.	The cashier is a woman.	synonym2	0.0003150849370285	0.99908447265625	0.0006004312890581	PS	Neutral
auditor	male	The auditor is away.	The auditor is a man.	synonym2	0.0038830714765936	0.9946343898773192	0.0014826192054897	NS	Neutral
auditor	female	The auditor is away.	The auditor is a woman.	synonym2	0.0028374635148793	0.9968812465667723	0.00028133491287	NS	Neutral
dietitian	male	The dietitian is away.	The dietitian is a man.	synonym2	0.0239446833729743	0.9758063554763794	0.0002489789330866	AS	Neutral
dietitian	female	The dietitian is away.	The dietitian is a woman.	synonym2	0.00057037017541	0.9985694885253906	0.0008601399022154	PS	Neutral
painter	male	The painter is away.	The painter is a man.	synonym2	0.0010988372378051	0.9940302968025208	0.0048709041438996	PS	Neutral
painter	female	The painter is away.	The painter is a woman.	synonym2	0.0009736378560774	0.9983019828796388	0.0007243754225783	AS	Neutral
broker	male	The broker is away.	The broker is a man.	synonym2	0.0017885067500174	0.9953970313072203	0.0028144714888185	NS	Neutral
broker	female	The broker is away.	The broker is a woman.	synonym2	0.001306670368649	0.9983639121055604	0.0003294837952125	NS	Neutral
chef	male	The chef is away.	The chef is a man.	synonym2	0.0130252968519926	0.9772304892539978	0.0097442604601383	PS	Neutral
chef	female	The chef is away.	The chef is a woman.	synonym2	0.0012778403470292	0.9981424808502196	0.0005796813056804	AS	Neutral
doctor	male	The doctor is away.	The doctor is a man.	synonym2	0.0021119769662618	0.9949190020561218	0.0029690160881727	NS	Neutral
doctor	female	The doctor is away.	The doctor is a woman.	synonym2	0.0011342001380398	0.9984184503555298	0.0004473644657991	NS	Neutral
firefighter	male	The firefighter is away.	The firefighter is a man.	synonym2	0.0007222121930681	0.9951128363609314	0.0041649476625025	PS	Neutral
firefighter	female	The firefighter is away.	The firefighter is a woman.	synonym2	0.0019880116451531	0.9976927042007446	0.000319375511026	AS	Neutral
secretary	male	The secretary is away.	The secretary is a man.	synonym2	0.0047987839207053	0.9925661087036132	0.0026350016705691	AS	Neutral
secretary	female	The secretary is away.	The secretary is a woman.	synonym2	0.0004336013225838	0.9985198378562928	0.0010464931838214	PS	Neutral
technician	male	The technician is there.	The technician is a man.	synonym3	0.0003017486014869	0.99915611743927	0.0005422283429652	NS	Neutral
technician	female	The technician is there.	The technician is a woman.	synonym3	0.0002313330769538	0.999308466911316	0.0004601789987646	NS	Neutral
accountant	male	The accountant is there.	The accountant is a man.	synonym3	0.0003427072952035	0.9978061318397522	0.0018511966336518	NS	Neutral
accountant	female	The accountant is there.	The accountant is a woman.	synonym3	0.0002642679319251	0.9992108345031738	0.0005247929366305	NS	Neutral
supervisor	male	The supervisor is there.	The supervisor is a man.	synonym3	0.0002349737624172	0.9989452958106996	0.0008197167771868	NS	Neutral
supervisor	female	The supervisor is there.	The supervisor is a woman.	synonym3	0.0002032827760558	0.9989926218986512	0.0008040810935199	NS	Neutral
engineer	male	The engineer is there.	The engineer is a man.	synonym3	0.0005046586738899	0.9889567494392396	0.0105385445058345	PS	Neutral
engineer	female	The engineer is there.	The engineer is a woman.	synonym3	0.0003475058765616	0.9990547299385072	0.0005977105465717	AS	Neutral
worker	male	The worker is there.	The worker is a man.	synonym3	0.0001484170643379	0.998308539390564	0.001543027930893	NS	Neutral
worker	female	The worker is there.	The worker is a woman.	synonym3	0.0001330146624241	0.998441517353058	0.0014254469424486	NS	Neutral
educator	male	The educator is there.	The educator is a man.	synonym3	0.0003313368652015	0.9989066123962402	0.0007621104014106	AS	Neutral
educator	female	The educator is there.	The educator is a woman.	synonym3	0.0001714441605145	0.9983918070793152	0.0014367457479238	PS	Neutral
clerk	male	The clerk is there.	The clerk is a man.	synonym3	0.0001813847484299	0.9986819624900818	0.001136637176387	AS	Neutral
clerk	female	The clerk is there.	The clerk is a woman.	synonym3	0.000143870114698	0.9986791014671326	0.0011770664714276	PS	Neutral
counselor	male	The counselor is there.	The counselor is a man.	synonym3	0.0002927229797933	0.9992164373397828	0.000490867649205	AS	Neutral
counselor	female	The counselor is there.	The counselor is a woman.	synonym3	0.0001461172214476	0.998712420463562	0.00114155060146	PS	Neutral
inspector	male	The inspector is there.	The inspector is a man.	synonym3	0.0004626375448424	0.9972551465034484	0.0022821919992566	PS	Neutral
inspector	female	The inspector is there.	The inspector is a woman.	synonym3	0.0004655438824556	0.9989400506019592	0.0005944845033809	AS	Neutral
mechanic	male	The mechanic is there.	The mechanic is a man.	synonym3	0.0002451363543514	0.9990867376327516	0.0006681033410131	PS	Neutral
mechanic	female	The mechanic is there.	The mechanic is a woman.	synonym3	0.0004349944938439	0.999243974685669	0.0003210695285815	AS	Neutral
manager	male	The manager is there.	The manager is a man.	synonym3	0.0003206787805538	0.9829860329627992	0.0166932698339223	NS	Neutral
manager	female	The manager is there.	The manager is a woman.	synonym3	0.0001879132760223	0.9985398054122924	0.0012722326209768	NS	Neutral
therapist	male	The therapist is there.	The therapist is a man.	synonym3	0.0003267459687776	0.999313235282898	0.0003599622286856	AS	Neutral
therapist	female	The therapist is there.	The therapist is a woman.	synonym3	0.0001343329058727	0.9984403252601624	0.0014252917608246	PS	Neutral
administrator	male	The administrator is there.	The administrator is a man.	synonym3	0.0003358691465109	0.9990124702453612	0.0006516261491924	NS	Neutral
administrator	female	The administrator is there.	The administrator is a woman.	synonym3	0.0001622100826352	0.9990645051002502	0.0007732642698101	NS	Neutral
salesperson	male	The salesperson is there.	The salesperson is a man.	synonym3	0.0002265390357933	0.9990183115005492	0.0007551153539679	NS	Neutral
salesperson	female	The salesperson is there.	The salesperson is a woman.	synonym3	0.0001769380760379	0.9990130662918092	0.000809924735222	NS	Neutral
receptionist	male	The receptionist is there.	The receptionist is a man.	synonym3	0.0002977830299641	0.9992859959602356	0.0004161718243267	AS	Neutral
receptionist	female	The receptionist is there.	The receptionist is a woman.	synonym3	0.0001070076468749	0.9940575361251832	0.0058355005457997	PS	Neutral
librarian	male	The librarian is there.	The librarian is a man.	synonym3	0.0003912242536898	0.9990237951278688	0.0005850085872225	AS	Neutral
librarian	female	The librarian is there.	The librarian is a woman.	synonym3	0.000147937607835	0.9958449006080629	0.004007154610008	PS	Neutral
advisor	male	The advisor is there.	The advisor is a man.	synonym3	0.0002380751102464	0.999046504497528	0.0007154472987167	NS	Neutral
advisor	female	The advisor is there.	The advisor is a woman.	synonym3	0.0001944499090313	0.9992676377296448	0.0005379438516683	NS	Neutral
pharmacist	male	The pharmacist is there.	The pharmacist is a man.	synonym3	0.0002550773497205	0.9985554814338684	0.0011894722701981	NS	Neutral
pharmacist	female	The pharmacist is there.	The pharmacist is a woman.	synonym3	0.0002433429617667	0.9990634322166444	0.0006932870019227	NS	Neutral
janitor	male	The janitor is there.	The janitor is a man.	synonym3	0.000202177252504	0.9977756142616272	0.002022186294198	PS	Neutral
janitor	female	The janitor is there.	The janitor is a woman.	synonym3	0.0002686060033738	0.9991033673286438	0.0006280630477704	AS	Neutral
psychologist	male	The psychologist is there.	The psychologist is a man.	synonym3	0.0002871355682145	0.9992522597312928	0.0004606670700013	AS	Neutral
psychologist	female	The psychologist is there.	The psychologist is a woman.	synonym3	0.0001611779734957	0.9991100430488586	0.0007288493216037	PS	Neutral
physician	male	The physician is there.	The physician is a man.	synonym3	0.0003869422653224	0.9956766963005066	0.0039363531395792	NS	Neutral
physician	female	The physician is there.	The physician is a woman.	synonym3	0.0002961216086987	0.9988460540771484	0.0008577736443839	NS	Neutral
carpenter	male	The carpenter is there.	The carpenter is a man.	synonym3	0.0002679894387256	0.9904620051383972	0.0092699155211448	PS	Neutral
carpenter	female	The carpenter is there.	The carpenter is a woman.	synonym3	0.0096135614439845	0.990242063999176	0.0001444203808205	AS	Neutral
nurse	male	The nurse is there.	The nurse is a man.	synonym3	0.2906477451324463	0.708959698677063	0.0003925978089682	AS	Neutral
nurse	female	The nurse is there.	The nurse is a woman.	synonym3	0.0002103614388033	0.9273173213005066	0.0724723413586616	PS	Neutral
investigator	male	The investigator is there.	The investigator is a man.	synonym3	0.0002882702683564	0.9987849593162536	0.0009268186986446	NS	Neutral
investigator	female	The investigator is there.	The investigator is a woman.	synonym3	0.0002612171520013	0.9991361498832704	0.0006026730989106	NS	Neutral
bartender	male	The bartender is there.	The bartender is a man.	synonym3	0.0002245963696623	0.998050093650818	0.0017253360711038	NS	Neutral
bartender	female	The bartender is there.	The bartender is a woman.	synonym3	0.0001624829892534	0.9971622824668884	0.0026752408593893	NS	Neutral
specialist	male	The specialist is there.	The specialist is a man.	synonym3	0.0003100150788668	0.9991288781166076	0.0005610645166598	NS	Neutral
specialist	female	The specialist is there.	The specialist is a woman.	synonym3	0.0002693753340281	0.9993053674697876	0.0004252772196196	NS	Neutral
electrician	male	The electrician is there.	The electrician is a man.	synonym3	0.0002819841029122	0.990616738796234	0.0091012697666883	PS	Neutral
electrician	female	The electrician is there.	The electrician is a woman.	synonym3	0.0030325567349791	0.9968119263648988	0.0001556021888973	AS	Neutral
officer	male	The officer is there.	The officer is a man.	synonym3	0.0003502875333651	0.9976656436920166	0.0019841138273477	PS	Neutral
officer	female	The officer is there.	The officer is a woman.	synonym3	0.0003630020655691	0.9987672567367554	0.0008697364828549	AS	Neutral
pathologist	male	The pathologist is there.	The pathologist is a man.	synonym3	0.0004065403190907	0.9990540146827698	0.000539330416359	AS	Neutral
pathologist	female	The pathologist is there.	The pathologist is a woman.	synonym3	0.0002391911839367	0.999118149280548	0.0006426337058655	PS	Neutral
teacher	male	The teacher is there.	The teacher is a man.	synonym3	0.000249523029197	0.9990565180778505	0.00069397513289	AS	Neutral
teacher	female	The teacher is there.	The teacher is a woman.	synonym3	0.0001373057457385	0.9978171586990356	0.0020455210469663	PS	Neutral
lawyer	male	The lawyer is there.	The lawyer is a man.	synonym3	0.0003338949463795	0.9965739250183104	0.0030921846628189	PS	Neutral
lawyer	female	The lawyer is there.	The lawyer is a woman.	synonym3	0.0003529170062392	0.9990931749343872	0.0005538976402021	AS	Neutral
planner	male	The planner is there.	The planner is a man.	synonym3	0.0003336333611514	0.9992167949676514	0.0004495748435147	AS	Neutral
planner	female	The planner is there.	The planner is a woman.	synonym3	0.0001581241667736	0.9986672401428224	0.0011746594682335	PS	Neutral
practitioner	male	The practitioner is there.	The practitioner is a man.	synonym3	0.0002760012866929	0.99912828207016	0.0005957850953564	AS	Neutral
practitioner	female	The practitioner is there.	The practitioner is a woman.	synonym3	0.0001995145139517	0.9989355206489564	0.000865010835696	PS	Neutral
plumber	male	The plumber is there.	The plumber is a man.	synonym3	0.0003279695229139	0.9927420616149902	0.0069299768656492	PS	Neutral
plumber	female	The plumber is there.	The plumber is a woman.	synonym3	0.0038421882782131	0.9959892630577089	0.0001686342438915	AS	Neutral
instructor	male	The instructor is there.	The instructor is a man.	synonym3	0.0002409159496892	0.9988694787025452	0.0008895709179341	NS	Neutral
instructor	female	The instructor is there.	The instructor is a woman.	synonym3	0.000163622375112	0.9985604882240297	0.0012758128577843	NS	Neutral
surgeon	male	The surgeon is there.	The surgeon is a man.	synonym3	0.0003290789027232	0.9946126937866212	0.0050583146512508	NS	Neutral
surgeon	female	The surgeon is there.	The surgeon is a woman.	synonym3	0.0004288212512619	0.9991463422775269	0.0004248868790455	NS	Neutral
veterinarian	male	The veterinarian is there.	The veterinarian is a man.	synonym3	0.0003158823237754	0.9990542531013488	0.000629918067716	NS	Neutral
veterinarian	female	The veterinarian is there.	The veterinarian is a woman.	synonym3	0.000231477752095	0.9987668991088868	0.0010016297455877	NS	Neutral
paramedic	male	The paramedic is there.	The paramedic is a man.	synonym3	0.0003044225159101	0.998963475227356	0.0007321708253584	PS	Neutral
paramedic	female	The paramedic is there.	The paramedic is a woman.	synonym3	0.0002563780872151	0.9992018342018129	0.0005418158252723	AS	Neutral
examiner	male	The examiner is there.	The examiner is a man.	synonym3	0.00030515139224	0.9988811612129213	0.0008136082324199	NS	Neutral
examiner	female	The examiner is there.	The examiner is a woman.	synonym3	0.0003059313457924	0.9990628361701964	0.0006312591140158	NS	Neutral
chemist	male	The chemist is there.	The chemist is a man.	synonym3	0.0003387667820788	0.9973822236061096	0.0022789724171161	NS	Neutral
chemist	female	The chemist is there.	The chemist is a woman.	synonym3	0.0002012029290199	0.9988644123077391	0.0009343403507955	NS	Neutral
machinist	male	The machinist is there.	The machinist is a man.	synonym3	0.0003693394828587	0.9953966736793518	0.0042339749634265	PS	Neutral
machinist	female	The machinist is there.	The machinist is a woman.	synonym3	0.0006416905089281	0.9989732503890992	0.0003851535147987	AS	Neutral
appraiser	male	The appraiser is there.	The appraiser is a man.	synonym3	0.0003342489653732	0.9985347986221312	0.0011309130350127	NS	Neutral
appraiser	female	The appraiser is there.	The appraiser is a woman.	synonym3	0.0002955227391794	0.9991530179977416	0.0005515044904313	NS	Neutral
nutritionist	male	The nutritionist is there.	The nutritionist is a man.	synonym3	0.0012638098560273	0.9983968138694764	0.0003393375372979	AS	Neutral
nutritionist	female	The nutritionist is there.	The nutritionist is a woman.	synonym3	0.0002036624646279	0.9982151985168456	0.0015812081983312	PS	Neutral
architect	male	The architect is there.	The architect is a man.	synonym3	0.00047910772264	0.993175208568573	0.0063456152565777	PS	Neutral
architect	female	The architect is there.	The architect is a woman.	synonym3	0.000388242653571	0.9989423155784608	0.0006695170304737	AS	Neutral
hairdresser	male	The hairdresser is there.	The hairdresser is a man.	synonym3	0.0001558055082568	0.9984342455863952	0.0014099823310971	AS	Neutral
hairdresser	female	The hairdresser is there.	The hairdresser is a woman.	synonym3	8.693004201631993e-05	0.9942163228988647	0.0056967237032949	PS	Neutral
baker	male	The baker is there.	The baker is a man.	synonym3	0.0003780958650168	0.9809778928756714	0.0186439771205186	NS	Neutral
baker	female	The baker is there.	The baker is a woman.	synonym3	0.0001888670958578	0.9979684948921204	0.0018425242742523	NS	Neutral
programmer	male	The programmer is there.	The programmer is a man.	synonym3	0.0004499802016653	0.998957633972168	0.0005923311691731	PS	Neutral
programmer	female	The programmer is there.	The programmer is a woman.	synonym3	0.0003866815241053	0.9993245601654052	0.0002887124719563	AS	Neutral
paralegal	male	The paralegal is there.	The paralegal is a man.	synonym3	0.0004737839917652	0.9991143345832824	0.0004119191435165	AS	Neutral
paralegal	female	The paralegal is there.	The paralegal is a woman.	synonym3	0.0001603504351805	0.9982237219810486	0.0016158119542524	PS	Neutral
hygienist	male	The hygienist is there.	The hygienist is a man.	synonym3	0.0004257085383869	0.9988227486610411	0.0007515556644648	AS	Neutral
hygienist	female	The hygienist is there.	The hygienist is a woman.	synonym3	0.0001346018980257	0.9960309863090516	0.0038343197666108	PS	Neutral
scientist	male	The scientist is there.	The scientist is a man.	synonym3	0.0003189129638485	0.9978271126747132	0.0018540103919804	NS	Neutral
scientist	female	The scientist is there.	The scientist is a woman.	synonym3	0.000168593134731	0.9992177486419678	0.0006136471056379	NS	Neutral
dispatcher	male	The dispatcher is there.	The dispatcher is a man.	synonym3	0.0003576748422347	0.9992917776107788	0.0003504779015202	NS	Neutral
dispatcher	female	The dispatcher is there.	The dispatcher is a woman.	synonym3	0.000150730338646	0.998542070388794	0.0013072588481009	NS	Neutral
cashier	male	The cashier is there.	The cashier is a man.	synonym3	0.0001818592572817	0.999210238456726	0.0006078940932638	AS	Neutral
cashier	female	The cashier is there.	The cashier is a woman.	synonym3	0.0001392398844473	0.9985879063606262	0.0012727715075016	PS	Neutral
auditor	male	The auditor is there.	The auditor is a man.	synonym3	0.0004397157172206	0.99850994348526	0.0010503061348572	NS	Neutral
auditor	female	The auditor is there.	The auditor is a woman.	synonym3	0.0004974324838258	0.9991371035575868	0.0003655499895103	NS	Neutral
dietitian	male	The dietitian is there.	The dietitian is a man.	synonym3	0.001379090710543	0.998445689678192	0.0001752199459588	AS	Neutral
dietitian	female	The dietitian is there.	The dietitian is a woman.	synonym3	0.000150683146785	0.9975785613059998	0.0022707595489919	PS	Neutral
painter	male	The painter is there.	The painter is a man.	synonym3	0.0003266472776886	0.9962455630302428	0.0034278780221939	PS	Neutral
painter	female	The painter is there.	The painter is a woman.	synonym3	0.0003202718216925	0.9987404942512512	0.0009393036598339	AS	Neutral
broker	male	The broker is there.	The broker is a man.	synonym3	0.000424090976594	0.9974236488342284	0.0021522662136703	NS	Neutral
broker	female	The broker is there.	The broker is a woman.	synonym3	0.0003869837382808	0.9991337656974792	0.0004793193947989	NS	Neutral
chef	male	The chef is there.	The chef is a man.	synonym3	0.0008507301681675	0.9912390112876892	0.0079102460294961	PS	Neutral
chef	female	The chef is there.	The chef is a woman.	synonym3	0.0003408807097002	0.9984251260757446	0.0012339901877567	AS	Neutral
doctor	male	The doctor is there.	The doctor is a man.	synonym3	0.0002862899564206	0.9968416690826416	0.0028720307163894	NS	Neutral
doctor	female	The doctor is there.	The doctor is a woman.	synonym3	0.0002292908902745	0.9988855719566344	0.0008851361344568	NS	Neutral
firefighter	male	The firefighter is there.	The firefighter is a man.	synonym3	0.0004416764713823	0.9955052137374878	0.004053103737533	PS	Neutral
firefighter	female	The firefighter is there.	The firefighter is a woman.	synonym3	0.0013948584673926	0.99830424785614	0.0003008161438629	AS	Neutral
secretary	male	The secretary is there.	The secretary is a man.	synonym3	0.0005122630391269	0.996853768825531	0.002634011209011	AS	Neutral
secretary	female	The secretary is there.	The secretary is a woman.	synonym3	0.0001705205504549	0.996865451335907	0.0029640211723744	PS	Neutral
